{
 "model": null,
 "gauge": "eigen-consensus (leading eigenvector of cos matrix)",
 "thin_threshold": 0.1,
 "peak_block": null,
 "k_relations": 8,
 "pairs_per_relation": null,
 "cats": [
  "P103",
  "P1412",
  "P176",
  "P27",
  "P30",
  "P37",
  "P413",
  "P495"
 ],
 "gauge_margins": [
  0.4921,
  0.8277,
  0.7207,
  1.0,
  -0.2932,
  0.7586,
  -0.0987,
  0.8926
 ],
 "thin_categories": [
  "P413"
 ],
 "flipped_vs_original": [
  "P30",
  "P413"
 ],
 "cos_peak": [
  [
   1.0,
   0.1847,
   0.0802,
   0.0258,
   0.0996,
   0.3556,
   -0.0057,
   -0.0602
  ],
  [
   0.1847,
   1.0,
   0.1979,
   0.0819,
   0.0824,
   0.6568,
   0.0717,
   -0.0399
  ],
  [
   0.0802,
   0.1979,
   1.0,
   0.2768,
   -0.0219,
   0.0059,
   0.0682,
   0.2462
  ],
  [
   0.0258,
   0.0819,
   0.2768,
   1.0,
   0.0898,
   0.0075,
   -0.0262,
   0.7487
  ],
  [
   0.0996,
   0.0824,
   -0.0219,
   0.0898,
   1.0,
   0.0549,
   -0.0994,
   0.0713
  ],
  [
   0.3556,
   0.6568,
   0.0059,
   0.0075,
   0.0549,
   1.0,
   0.0761,
   -0.0137
  ],
  [
   -0.0057,
   0.0717,
   0.0682,
   -0.0262,
   -0.0994,
   0.0761,
   1.0,
   -0.0129
  ],
  [
   -0.0602,
   -0.0399,
   0.2462,
   0.7487,
   0.0713,
   -0.0137,
   -0.0129,
   1.0
  ]
 ],
 "cos_early": [
  [
   1.0,
   0.2812463939189911,
   -0.05620463192462921,
   -0.00946966465562582,
   -0.08774030208587646,
   0.35204750299453735,
   -0.011903353035449982,
   -0.06042570620775223
  ],
  [
   0.2812463939189911,
   0.9999992847442627,
   -0.04682273045182228,
   -0.14952954649925232,
   -0.011289473623037338,
   0.7850168943405151,
   -0.06797464936971664,
   -0.1282213032245636
  ],
  [
   -0.05620463192462921,
   -0.04682273045182228,
   0.9999999403953552,
   0.027784977108240128,
   -0.010980404913425446,
   -0.05013454705476761,
   0.06042402237653732,
   0.24989251792430878
  ],
  [
   -0.00946966465562582,
   -0.14952954649925232,
   0.027784977108240128,
   1.0000003576278687,
   -0.09872076660394669,
   -0.03641520068049431,
   0.06037631630897522,
   0.6431217193603516
  ],
  [
   -0.08774030208587646,
   -0.011289473623037338,
   -0.010980404913425446,
   -0.09872076660394669,
   0.999999463558197,
   -0.0575215108692646,
   -0.08355435729026794,
   -0.1387176513671875
  ],
  [
   0.35204750299453735,
   0.7850168943405151,
   -0.05013454705476761,
   -0.03641520068049431,
   -0.0575215108692646,
   1.0000005960464478,
   -0.10046707838773727,
   -0.017517440021038055
  ],
  [
   -0.011903353035449982,
   -0.06797464936971664,
   0.06042402237653732,
   0.06037631630897522,
   -0.08355435729026794,
   -0.10046707838773727,
   1.0000001192092896,
   -0.028102345764636993
  ],
  [
   -0.06042570620775223,
   -0.1282213032245636,
   0.24989251792430878,
   0.6431217193603516,
   -0.1387176513671875,
   -0.017517440021038055,
   -0.028102345764636993,
   0.9999996423721313
  ]
 ],
 "transfer": [
  [
   0.7791666984558105,
   0.6072221994400024,
   0.7086111307144165,
   0.6333333253860474,
   0.4266666769981384,
   0.6322222352027893,
   0.6611111164093018,
   0.6769444346427917
  ],
  [
   0.8516666889190674,
   0.7749999761581421,
   0.8002777695655823,
   0.714722216129303,
   0.4652777910232544,
   0.7816666960716248,
   0.5088889002799988,
   0.6766666769981384
  ],
  [
   0.9558333158493042,
   0.977222204208374,
   0.9555555582046509,
   0.9358333349227905,
   0.8658333420753479,
   0.9388889074325562,
   0.5888888835906982,
   0.8497222065925598
  ],
  [
   0.9069444537162781,
   0.9344444274902344,
   0.9186111092567444,
   0.8444444537162781,
   0.46916666626930237,
   0.8947222232818604,
   0.721666693687439,
   0.7122222185134888
  ],
  [
   0.21833333373069763,
   0.3680555522441864,
   0.6336110830307007,
   0.4091666638851166,
   0.7513889074325562,
   0.3430555462837219,
   0.37638887763023376,
   0.3824999928474426
  ],
  [
   0.6333333253860474,
   0.5425000190734863,
   0.5133333206176758,
   0.49222221970558167,
   0.27250000834465027,
   0.4888888895511627,
   0.4169444441795349,
   0.4747222363948822
  ],
  [
   0.507777750492096,
   0.44305557012557983,
   0.30944445729255676,
   0.4352777898311615,
   0.24500000476837158,
   0.45972222089767456,
   0.6291666626930237,
   0.5144444704055786
  ],
  [
   0.633055567741394,
   0.7380555272102356,
   0.7377777695655823,
   0.7074999809265137,
   0.48249998688697815,
   0.7024999856948853,
   0.6397222280502319,
   0.6291666626930237
  ]
 ],
 "cos_early_note": "OLD gauge (early layer has no stable gauge)"
}