{
 "model": null,
 "gauge": "eigen-consensus (leading eigenvector of cos matrix)",
 "thin_threshold": 0.1,
 "peak_block": null,
 "k_relations": 8,
 "pairs_per_relation": null,
 "cats": [
  "P103",
  "P1412",
  "P176",
  "P27",
  "P30",
  "P37",
  "P413",
  "P495"
 ],
 "gauge_margins": [
  0.6956,
  1.0,
  0.2894,
  0.7588,
  -0.2812,
  0.908,
  -0.1069,
  0.2737
 ],
 "thin_categories": [],
 "flipped_vs_original": [
  "P30",
  "P413"
 ],
 "cos_peak": [
  [
   1.0,
   0.3646,
   0.1346,
   0.283,
   0.1045,
   0.2703,
   0.0173,
   0.114
  ],
  [
   0.3646,
   1.0,
   0.1126,
   0.3817,
   0.1283,
   0.7581,
   0.0642,
   0.0892
  ],
  [
   0.1346,
   0.1126,
   1.0,
   0.2476,
   -0.0729,
   0.0027,
   -0.0008,
   0.0347
  ],
  [
   0.283,
   0.3817,
   0.2476,
   1.0,
   0.2049,
   0.2805,
   0.0406,
   0.1586
  ],
  [
   0.1045,
   0.1283,
   -0.0729,
   0.2049,
   1.0,
   0.0678,
   -0.0904,
   -0.0471
  ],
  [
   0.2703,
   0.7581,
   0.0027,
   0.2805,
   0.0678,
   1.0,
   0.0638,
   0.0853
  ],
  [
   0.0173,
   0.0642,
   -0.0008,
   0.0406,
   -0.0904,
   0.0638,
   1.0,
   0.0112
  ],
  [
   0.114,
   0.0892,
   0.0347,
   0.1586,
   -0.0471,
   0.0853,
   0.0112,
   1.0
  ]
 ],
 "cos_early": [
  [
   1.000000238418579,
   0.31299108266830444,
   0.03582679480314255,
   -0.19299204647541046,
   -0.08078654855489731,
   -0.2587181031703949,
   -0.04618184268474579,
   0.08743397891521454
  ],
  [
   0.31299108266830444,
   1.000000238418579,
   -0.019155850633978844,
   -0.24224072694778442,
   -0.03288379684090614,
   -0.8997917175292969,
   -0.08643461018800735,
   0.08351975679397583
  ],
  [
   0.03582679480314255,
   -0.019155850633978844,
   1.0,
   -0.029053393751382828,
   0.012944210320711136,
   0.028880856931209564,
   0.02780948579311371,
   0.012112531810998917
  ],
  [
   -0.19299204647541046,
   -0.24224072694778442,
   -0.029053393751382828,
   0.9999999403953552,
   0.22921746969223022,
   0.23081347346305847,
   0.0288279689848423,
   0.26995909214019775
  ],
  [
   -0.08078654855489731,
   -0.03288379684090614,
   0.012944210320711136,
   0.22921746969223022,
   1.0000003576278687,
   0.043713316321372986,
   -0.10469327121973038,
   0.1283828467130661
  ],
  [
   -0.2587181031703949,
   -0.8997917175292969,
   0.028880856931209564,
   0.23081347346305847,
   0.043713316321372986,
   1.000000238418579,
   0.080559141933918,
   -0.09281386435031891
  ],
  [
   -0.04618184268474579,
   -0.08643461018800735,
   0.02780948579311371,
   0.0288279689848423,
   -0.10469327121973038,
   0.080559141933918,
   0.9999991059303284,
   0.009008636698126793
  ],
  [
   0.08743397891521454,
   0.08351975679397583,
   0.012112531810998917,
   0.26995909214019775,
   0.1283828467130661,
   -0.09281386435031891,
   0.009008636698126793,
   1.000000238418579
  ]
 ],
 "transfer": [
  [
   0.8361111283302307,
   0.695555567741394,
   0.7847222089767456,
   0.6866666674613953,
   0.41111111640930176,
   0.6558333039283752,
   0.6822222471237183,
   0.6772222518920898
  ],
  [
   0.8266666531562805,
   0.7166666388511658,
   0.7347221970558167,
   0.6833333373069763,
   0.3841666579246521,
   0.6152777671813965,
   0.5716666579246521,
   0.621666669845581
  ],
  [
   0.9680555462837219,
   0.9663888812065125,
   0.9347222447395325,
   0.8561111092567444,
   0.9133333563804626,
   0.9544444680213928,
   0.839722216129303,
   0.8361111283302307
  ],
  [
   0.8405555486679077,
   0.7916666865348816,
   0.7900000214576721,
   0.5347222089767456,
   0.38111111521720886,
   0.7277777791023254,
   0.5375000238418579,
   0.6594444513320923
  ],
  [
   0.25861111283302307,
   0.23722222447395325,
   0.5847222208976746,
   0.43888887763023376,
   0.769444465637207,
   0.33694443106651306,
   0.3794444501399994,
   0.4033333361148834
  ],
  [
   0.7166666388511658,
   0.5727777481079102,
   0.4947222173213959,
   0.5369444489479065,
   0.30222222208976746,
   0.41111111640930176,
   0.43805554509162903,
   0.5447221994400024
  ],
  [
   0.4658333361148834,
   0.4352777898311615,
   0.448888897895813,
   0.4305555522441864,
   0.2633333206176758,
   0.4763889014720917,
   0.5763888955116272,
   0.5358333587646484
  ],
  [
   0.586388885974884,
   0.617222249507904,
   0.5483333468437195,
   0.5205555558204651,
   0.6594444513320923,
   0.5927777886390686,
   0.47305554151535034,
   0.5152777433395386
  ]
 ],
 "cos_early_note": "OLD gauge (early layer has no stable gauge)"
}