{
 "model": null,
 "gauge": "eigen-consensus (leading eigenvector of cos matrix)",
 "thin_threshold": 0.1,
 "peak_block": null,
 "k_relations": 8,
 "pairs_per_relation": null,
 "cats": [
  "P103",
  "P1412",
  "P176",
  "P27",
  "P30",
  "P37",
  "P413",
  "P495"
 ],
 "gauge_margins": [
  -0.2456,
  -0.4996,
  0.4827,
  1.0,
  -0.0717,
  0.6227,
  0.1117,
  0.9539
 ],
 "thin_categories": [
  "P30"
 ],
 "flipped_vs_original": [
  "P103",
  "P1412",
  "P30"
 ],
 "cos_peak": [
  [
   1.0,
   0.1491,
   -0.0658,
   0.0749,
   -0.1014,
   0.2589,
   -0.0032,
   -0.0269
  ],
  [
   0.1491,
   1.0,
   0.0141,
   0.065,
   -0.0828,
   0.5244,
   0.0782,
   0.0647
  ],
  [
   -0.0658,
   0.0141,
   1.0,
   0.2074,
   0.0048,
   0.1775,
   -0.0414,
   0.1867
  ],
  [
   0.0749,
   0.065,
   0.2074,
   1.0,
   0.0337,
   0.1508,
   0.0122,
   0.7875
  ],
  [
   -0.1014,
   -0.0828,
   0.0048,
   0.0337,
   1.0,
   -0.0459,
   0.0958,
   0.1255
  ],
  [
   0.2589,
   0.5244,
   0.1775,
   0.1508,
   -0.0459,
   1.0,
   0.0618,
   0.0597
  ],
  [
   -0.0032,
   0.0782,
   -0.0414,
   0.0122,
   0.0958,
   0.0618,
   1.0,
   0.0375
  ],
  [
   -0.0269,
   0.0647,
   0.1867,
   0.7875,
   0.1255,
   0.0597,
   0.0375,
   1.0
  ]
 ],
 "cos_early": [
  [
   0.9999999403953552,
   0.1835227608680725,
   0.03640653192996979,
   -0.06702008843421936,
   -0.07375460863113403,
   -0.27733924984931946,
   -0.027035236358642578,
   0.01600203476846218
  ],
  [
   0.1835227608680725,
   0.9999998807907104,
   -0.15415321290493011,
   -0.08536221086978912,
   -0.009899663738906384,
   -0.711013674736023,
   -0.06428779661655426,
   -0.07746803760528564
  ],
  [
   0.03640653192996979,
   -0.15415321290493011,
   1.0,
   0.14221887290477753,
   -0.00410841777920723,
   0.13391080498695374,
   0.0963544026017189,
   0.15740060806274414
  ],
  [
   -0.06702008843421936,
   -0.08536221086978912,
   0.14221887290477753,
   0.9999999403953552,
   -0.08415576815605164,
   0.09469223022460938,
   0.036731358617544174,
   0.8654871582984924
  ],
  [
   -0.07375460863113403,
   -0.009899663738906384,
   -0.00410841777920723,
   -0.08415576815605164,
   1.0000001192092896,
   0.05890161544084549,
   -0.10231740772724152,
   -0.17015987634658813
  ],
  [
   -0.27733924984931946,
   -0.711013674736023,
   0.13391080498695374,
   0.09469223022460938,
   0.05890161544084549,
   0.9999997615814209,
   0.09752891957759857,
   0.07498321682214737
  ],
  [
   -0.027035236358642578,
   -0.06428779661655426,
   0.0963544026017189,
   0.036731358617544174,
   -0.10231740772724152,
   0.09752891957759857,
   1.0000007152557373,
   0.04899248853325844
  ],
  [
   0.01600203476846218,
   -0.07746803760528564,
   0.15740060806274414,
   0.8654871582984924,
   -0.17015987634658813,
   0.07498321682214737,
   0.04899248853325844,
   0.9999993443489075
  ]
 ],
 "transfer": [
  [
   0.8555555939674377,
   0.7180555462837219,
   0.6744444370269775,
   0.6349999904632568,
   0.44361111521720886,
   0.6277777552604675,
   0.6344444155693054,
   0.7041666507720947
  ],
  [
   0.8244444727897644,
   0.6027777791023254,
   0.5841666460037231,
   0.5230555534362793,
   0.3963888883590698,
   0.5299999713897705,
   0.5608333349227905,
   0.5713889002799988
  ],
  [
   0.9227777719497681,
   0.929722249507904,
   0.9222221970558167,
   0.8894444704055786,
   0.8108333349227905,
   0.9491666555404663,
   0.7850000262260437,
   0.8402777910232544
  ],
  [
   0.60916668176651,
   0.7202777862548828,
   0.7549999952316284,
   0.6875,
   0.5391666889190674,
   0.8172222375869751,
   0.7502777576446533,
   0.7252777814865112
  ],
  [
   0.2058333307504654,
   0.2916666567325592,
   0.629444420337677,
   0.4563888907432556,
   0.7277777791023254,
   0.38555556535720825,
   0.4005555510520935,
   0.32111111283302307
  ],
  [
   0.4099999964237213,
   0.5841666460037231,
   0.7405555844306946,
   0.7141666412353516,
   0.9258333444595337,
   0.6722221970558167,
   0.5941666960716248,
   0.7400000095367432
  ],
  [
   0.49361109733581543,
   0.4513888955116272,
   0.37194445729255676,
   0.3908333480358124,
   0.23055554926395416,
   0.5163888931274414,
   0.39444443583488464,
   0.43444445729255676
  ],
  [
   0.8111110925674438,
   0.7211111187934875,
   0.6916666626930237,
   0.6619444489479065,
   0.36027777194976807,
   0.8213889002799988,
   0.6891666650772095,
   0.6888889074325562
  ]
 ],
 "cos_early_note": "OLD gauge (early layer has no stable gauge)"
}