{
 "model": null,
 "gauge": "eigen-consensus (leading eigenvector of cos matrix)",
 "thin_threshold": 0.1,
 "peak_block": null,
 "k_relations": 8,
 "pairs_per_relation": null,
 "cats": [
  "P103",
  "P1412",
  "P176",
  "P27",
  "P30",
  "P37",
  "P413",
  "P495"
 ],
 "gauge_margins": [
  0.7491,
  0.9719,
  0.1693,
  0.6331,
  -0.2232,
  1.0,
  -0.1467,
  0.2653
 ],
 "thin_categories": [],
 "flipped_vs_original": [
  "P30",
  "P413"
 ],
 "cos_peak": [
  [
   1.0,
   0.2716,
   -0.0732,
   0.2899,
   0.0844,
   0.3343,
   0.0059,
   0.1556
  ],
  [
   0.2716,
   1.0,
   0.0301,
   0.2681,
   0.0872,
   0.6651,
   0.0717,
   0.0147
  ],
  [
   -0.0732,
   0.0301,
   1.0,
   0.1577,
   -0.0594,
   0.0444,
   0.0644,
   0.2745
  ],
  [
   0.2899,
   0.2681,
   0.1577,
   1.0,
   0.0339,
   0.2139,
   0.0266,
   -0.1059
  ],
  [
   0.0844,
   0.0872,
   -0.0594,
   0.0339,
   1.0,
   0.0722,
   -0.1071,
   0.1193
  ],
  [
   0.3343,
   0.6651,
   0.0444,
   0.2139,
   0.0722,
   1.0,
   0.0793,
   0.1542
  ],
  [
   0.0059,
   0.0717,
   0.0644,
   0.0266,
   -0.1071,
   0.0793,
   1.0,
   0.0202
  ],
  [
   0.1556,
   0.0147,
   0.2745,
   -0.1059,
   0.1193,
   0.1542,
   0.0202,
   1.0
  ]
 ],
 "cos_early": [
  [
   0.9999997615814209,
   0.2916277050971985,
   -0.24679768085479736,
   0.014412010088562965,
   -0.07605944573879242,
   0.24477586150169373,
   -0.02741648629307747,
   -0.025610359385609627
  ],
  [
   0.2916277050971985,
   1.000000238418579,
   -0.035913869738578796,
   0.099326953291893,
   -0.03119564987719059,
   0.7432661056518555,
   -0.0764126181602478,
   -0.02528982236981392
  ],
  [
   -0.24679768085479736,
   -0.035913869738578796,
   0.9999986886978149,
   -0.151486337184906,
   -0.04045312851667404,
   -0.01771710440516472,
   -0.05580458045005798,
   0.31012505292892456
  ],
  [
   0.014412010088562965,
   0.099326953291893,
   -0.151486337184906,
   1.0000004768371582,
   0.11896726489067078,
   0.019022606313228607,
   -0.00626692920923233,
   -0.5659859776496887
  ],
  [
   -0.07605944573879242,
   -0.03119564987719059,
   -0.04045312851667404,
   0.11896726489067078,
   1.0000001192092896,
   -0.06096639484167099,
   -0.07810778170824051,
   -0.11250945925712585
  ],
  [
   0.24477586150169373,
   0.7432661056518555,
   -0.01771710440516472,
   0.019022606313228607,
   -0.06096639484167099,
   1.000000238418579,
   -0.13026633858680725,
   0.029701950028538704
  ],
  [
   -0.02741648629307747,
   -0.0764126181602478,
   -0.05580458045005798,
   -0.00626692920923233,
   -0.07810778170824051,
   -0.13026633858680725,
   0.9999998807907104,
   -0.0788717120885849
  ],
  [
   -0.025610359385609627,
   -0.02528982236981392,
   0.31012505292892456,
   -0.5659859776496887,
   -0.11250945925712585,
   0.029701950028538704,
   -0.0788717120885849,
   1.0
  ]
 ],
 "transfer": [
  [
   0.8388888835906982,
   0.7211111187934875,
   0.6152777671813965,
   0.7797222137451172,
   0.3816666603088379,
   0.7288888692855835,
   0.6361111402511597,
   0.6922222375869751
  ],
  [
   0.7763888835906982,
   0.5916666388511658,
   0.5638889074325562,
   0.6541666388511658,
   0.24944444000720978,
   0.5994444489479065,
   0.4263888895511627,
   0.5561110973358154
  ],
  [
   0.6997222304344177,
   0.8947222232818604,
   0.9305555820465088,
   0.9011111259460449,
   0.9486111402511597,
   0.8719444274902344,
   0.5236111283302307,
   0.835277795791626
  ],
  [
   0.8961111307144165,
   0.746666669845581,
   0.8050000071525574,
   0.7291666865348816,
   0.5805555582046509,
   0.7961111068725586,
   0.5680555701255798,
   0.6747221946716309
  ],
  [
   0.21666666865348816,
   0.3002777695655823,
   0.6772222518920898,
   0.38777777552604675,
   0.8583333492279053,
   0.3474999964237213,
   0.29083332419395447,
   0.347777783870697
  ],
  [
   0.785277783870697,
   0.6691666841506958,
   0.5938888788223267,
   0.7222222089767456,
   0.34138888120651245,
   0.6500000357627869,
   0.4069444537162781,
   0.6700000166893005
  ],
  [
   0.4836111068725586,
   0.5116666555404663,
   0.39972221851348877,
   0.4233333468437195,
   0.2288888841867447,
   0.5122222304344177,
   0.6930555701255798,
   0.5291666388511658
  ],
  [
   0.9566666483879089,
   0.8655555844306946,
   0.8766666650772095,
   0.773888885974884,
   0.4347222149372101,
   0.8688889145851135,
   0.6336110830307007,
   0.7263888716697693
  ]
 ],
 "cos_early_note": "OLD gauge (early layer has no stable gauge)"
}