{
 "model": null,
 "gauge": "eigen-consensus (leading eigenvector of cos matrix)",
 "thin_threshold": 0.1,
 "peak_block": null,
 "k_relations": 8,
 "pairs_per_relation": null,
 "cats": [
  "P103",
  "P1412",
  "P176",
  "P27",
  "P30",
  "P37",
  "P413",
  "P495"
 ],
 "gauge_margins": [
  0.303,
  0.9122,
  0.0413,
  0.7463,
  -0.115,
  1.0,
  -0.2363,
  -0.4358
 ],
 "thin_categories": [
  "P176"
 ],
 "flipped_vs_original": [
  "P30",
  "P413",
  "P495"
 ],
 "cos_peak": [
  [
   1.0,
   -0.1584,
   0.1379,
   0.1284,
   0.0967,
   0.2355,
   -0.0056,
   0.0303
  ],
  [
   -0.1584,
   1.0,
   0.0605,
   0.1334,
   0.0489,
   0.5822,
   0.063,
   -0.0181
  ],
  [
   0.1379,
   0.0605,
   1.0,
   0.0292,
   -0.0426,
   -0.0357,
   0.0458,
   -0.1366
  ],
  [
   0.1284,
   0.1334,
   0.0292,
   1.0,
   0.0204,
   0.1363,
   0.0556,
   0.4987
  ],
  [
   0.0967,
   0.0489,
   -0.0426,
   0.0204,
   1.0,
   0.0546,
   -0.0996,
   -0.084
  ],
  [
   0.2355,
   0.5822,
   -0.0357,
   0.1363,
   0.0546,
   1.0,
   0.0818,
   -0.0387
  ],
  [
   -0.0056,
   0.063,
   0.0458,
   0.0556,
   -0.0996,
   0.0818,
   1.0,
   -0.0034
  ],
  [
   0.0303,
   -0.0181,
   -0.1366,
   0.4987,
   -0.084,
   -0.0387,
   -0.0034,
   1.0
  ]
 ],
 "cos_early": [
  [
   0.999999463558197,
   -0.09808961302042007,
   -0.0396692231297493,
   0.03854317590594292,
   -0.08257408440113068,
   0.1751880645751953,
   -0.01611543819308281,
   -0.042902883142232895
  ],
  [
   -0.09808961302042007,
   0.9999991059303284,
   -0.00449417345225811,
   0.13517454266548157,
   0.022653404623270035,
   0.7293128967285156,
   -0.049491997808218,
   -0.011748190969228745
  ],
  [
   -0.0396692231297493,
   -0.00449417345225811,
   0.9999997615814209,
   0.026874735951423645,
   -0.0012523028999567032,
   -0.030938170850276947,
   0.05472184717655182,
   0.33565378189086914
  ],
  [
   0.03854317590594292,
   0.13517454266548157,
   0.026874735951423645,
   0.999999463558197,
   -0.006633554585278034,
   0.1511390507221222,
   -0.07496363669633865,
   -0.23142042756080627
  ],
  [
   -0.08257408440113068,
   0.022653404623270035,
   -0.0012523028999567032,
   -0.006633554585278034,
   1.0000009536743164,
   -0.05705473572015762,
   -0.0903797596693039,
   -0.15184436738491058
  ],
  [
   0.1751880645751953,
   0.7293128967285156,
   -0.030938170850276947,
   0.1511390507221222,
   -0.05705473572015762,
   0.9999999403953552,
   -0.10882052779197693,
   0.0196100901812315
  ],
  [
   -0.01611543819308281,
   -0.049491997808218,
   0.05472184717655182,
   -0.07496363669633865,
   -0.0903797596693039,
   -0.10882052779197693,
   1.0,
   -0.04788396880030632
  ],
  [
   -0.042902883142232895,
   -0.011748190969228745,
   0.33565378189086914,
   -0.23142042756080627,
   -0.15184436738491058,
   0.0196100901812315,
   -0.04788396880030632,
   1.0000008344650269
  ]
 ],
 "transfer": [
  [
   0.7900654077529907,
   0.6836650967597961,
   0.7319807410240173,
   0.6879907846450806,
   0.4246801733970642,
   0.6677547693252563,
   0.6914414167404175,
   0.6760738492012024
  ],
  [
   0.6238675117492676,
   0.636276125907898,
   0.597682535648346,
   0.6033816933631897,
   0.40798863768577576,
   0.6653661131858826,
   0.5101732015609741,
   0.5780438184738159
  ],
  [
   0.9818234443664551,
   0.9620376229286194,
   0.9776425957679749,
   0.9561013579368591,
   0.9135380983352661,
   0.9513343572616577,
   0.7248764634132385,
   0.8923129439353943
  ],
  [
   0.6363297700881958,
   0.5248762369155884,
   0.5439227223396301,
   0.5223767757415771,
   0.39088624715805054,
   0.5774351358413696,
   0.4406501054763794,
   0.5340868830680847
  ],
  [
   0.23918893933296204,
   0.3393000364303589,
   0.6331948637962341,
   0.4128342866897583,
   0.7845612168312073,
   0.3656955063343048,
   0.40972477197647095,
   0.43447670340538025
  ],
  [
   0.6287727952003479,
   0.5066413283348083,
   0.4485095143318176,
   0.4874718487262726,
   0.23198197782039642,
   0.4847317039966583,
   0.4615468382835388,
   0.48898348212242126
  ],
  [
   0.5016574859619141,
   0.48169663548469543,
   0.3971408009529114,
   0.42723044753074646,
   0.21563032269477844,
   0.4723617434501648,
   0.558195948600769,
   0.4469870924949646
  ],
  [
   0.6663686633110046,
   0.7200505137443542,
   0.6250723004341125,
   0.6201746463775635,
   0.46177512407302856,
   0.7115342020988464,
   0.67164546251297,
   0.5725356936454773
  ]
 ],
 "cos_early_note": "OLD gauge (early layer has no stable gauge)"
}