{
 "model": null,
 "gauge": "eigen-consensus (leading eigenvector of cos matrix)",
 "thin_threshold": 0.1,
 "peak_block": null,
 "k_relations": 8,
 "pairs_per_relation": null,
 "cats": [
  "P103",
  "P1412",
  "P176",
  "P27",
  "P30",
  "P37",
  "P413",
  "P495"
 ],
 "gauge_margins": [
  0.3301,
  -0.3964,
  0.5014,
  0.9385,
  -0.1523,
  0.3508,
  0.0488,
  1.0
 ],
 "thin_categories": [
  "P413"
 ],
 "flipped_vs_original": [
  "P1412",
  "P30"
 ],
 "cos_peak": [
  [
   1.0,
   0.3793,
   0.1136,
   0.0151,
   0.1047,
   -0.0501,
   -0.0017,
   0.0486
  ],
  [
   0.3793,
   1.0,
   -0.0332,
   0.0409,
   -0.0369,
   0.3554,
   0.051,
   0.0538
  ],
  [
   0.1136,
   -0.0332,
   1.0,
   0.0847,
   0.0203,
   0.1502,
   -0.0597,
   0.251
  ],
  [
   0.0151,
   0.0409,
   0.0847,
   1.0,
   0.0162,
   0.0711,
   0.0087,
   0.6716
  ],
  [
   0.1047,
   -0.0369,
   0.0203,
   0.0162,
   1.0,
   -0.0186,
   0.0811,
   0.081
  ],
  [
   -0.0501,
   0.3554,
   0.1502,
   0.0711,
   -0.0186,
   1.0,
   0.0513,
   0.0191
  ],
  [
   -0.0017,
   0.051,
   -0.0597,
   0.0087,
   0.0811,
   0.0513,
   1.0,
   0.0115
  ],
  [
   0.0486,
   0.0538,
   0.251,
   0.6716,
   0.081,
   0.0191,
   0.0115,
   1.0
  ]
 ],
 "cos_early": [
  [
   0.9999999403953552,
   0.3538086414337158,
   0.0512155145406723,
   -0.031209668144583702,
   -0.10137329250574112,
   -0.030921146273612976,
   -0.03589774668216705,
   0.0724143460392952
  ],
  [
   0.3538086414337158,
   0.9999997615814209,
   0.06274931877851486,
   -0.10640936344861984,
   -0.03564346209168434,
   0.516558051109314,
   0.02108951285481453,
   0.18940961360931396
  ],
  [
   0.0512155145406723,
   0.06274931877851486,
   1.000000238418579,
   -0.06717128306627274,
   0.010879257693886757,
   0.02079252153635025,
   -0.02011776715517044,
   -0.005916919559240341
  ],
  [
   -0.031209668144583702,
   -0.10640936344861984,
   -0.06717128306627274,
   1.0000004768371582,
   0.023678332567214966,
   -0.060133229941129684,
   -0.02809201367199421,
   -0.6259710788726807
  ],
  [
   -0.10137329250574112,
   -0.03564346209168434,
   0.010879257693886757,
   0.023678332567214966,
   1.000000238418579,
   0.04740940406918526,
   -0.10283248871564865,
   -0.15322193503379822
  ],
  [
   -0.030921146273612976,
   0.516558051109314,
   0.02079252153635025,
   -0.060133229941129684,
   0.04740940406918526,
   1.0000004768371582,
   0.10510562360286713,
   0.05892772972583771
  ],
  [
   -0.03589774668216705,
   0.02108951285481453,
   -0.02011776715517044,
   -0.02809201367199421,
   -0.10283248871564865,
   0.10510562360286713,
   0.9999992847442627,
   0.05316689983010292
  ],
  [
   0.0724143460392952,
   0.18940961360931396,
   -0.005916919559240341,
   -0.6259710788726807,
   -0.15322193503379822,
   0.05892772972583771,
   0.05316689983010292,
   1.0000009536743164
  ]
 ],
 "transfer": [
  [
   0.862500011920929,
   0.7591666579246521,
   0.7827777862548828,
   0.7425000071525574,
   0.45972222089767456,
   0.7699999809265137,
   0.7816666960716248,
   0.6524999737739563
  ],
  [
   0.36250001192092896,
   0.43194445967674255,
   0.5491666793823242,
   0.5552777647972107,
   0.5030555725097656,
   0.5344444513320923,
   0.5061110854148865,
   0.5602777600288391
  ],
  [
   0.9777777791023254,
   0.9624999761581421,
   0.8902777433395386,
   0.9166666865348816,
   0.7574999928474426,
   0.9494444727897644,
   0.7452777624130249,
   0.7608333230018616
  ],
  [
   0.7450000047683716,
   0.7319444417953491,
   0.6086111068725586,
   0.5902777314186096,
   0.5425000190734863,
   0.7547222375869751,
   0.6747221946716309,
   0.5666666626930237
  ],
  [
   0.24027778208255768,
   0.33000001311302185,
   0.534166693687439,
   0.3727777898311615,
   0.7486110925674438,
   0.3333333432674408,
   0.4188888967037201,
   0.4047222137451172
  ],
  [
   0.5550000071525574,
   0.6291666626930237,
   0.772777795791626,
   0.7094444632530212,
   0.8583333492279053,
   0.7124999761581421,
   0.6519444584846497,
   0.7302777767181396
  ],
  [
   0.45750001072883606,
   0.4463889002799988,
   0.32972222566604614,
   0.3519444465637207,
   0.1641666740179062,
   0.42944443225860596,
   0.4930555522441864,
   0.5694444179534912
  ],
  [
   0.772777795791626,
   0.6813889145851135,
   0.7719444632530212,
   0.6991666555404663,
   0.4538888931274414,
   0.7905555367469788,
   0.7172222137451172,
   0.5930555462837219
  ]
 ],
 "cos_early_note": "OLD gauge (early layer has no stable gauge)"
}