{
 "model": null,
 "gauge": "eigen-consensus (leading eigenvector of cos matrix)",
 "thin_threshold": 0.1,
 "peak_block": null,
 "k_relations": 8,
 "pairs_per_relation": null,
 "cats": [
  "P103",
  "P1412",
  "P176",
  "P27",
  "P30",
  "P37",
  "P413",
  "P495"
 ],
 "gauge_margins": [
  -0.4467,
  -0.8401,
  0.0317,
  0.6695,
  0.2251,
  1.0,
  0.2423,
  -0.3583
 ],
 "thin_categories": [
  "P176"
 ],
 "flipped_vs_original": [
  "P103",
  "P1412",
  "P495"
 ],
 "cos_peak": [
  [
   1.0,
   -0.055,
   -0.1791,
   0.175,
   0.0729,
   0.1787,
   0.0335,
   0.104
  ],
  [
   -0.055,
   1.0,
   -0.0661,
   0.1432,
   0.0607,
   0.4333,
   0.0694,
   0.1176
  ],
  [
   -0.1791,
   -0.0661,
   1.0,
   0.1589,
   -0.0028,
   0.1191,
   -0.0203,
   -0.175
  ],
  [
   0.175,
   0.1432,
   0.1589,
   1.0,
   0.06,
   0.2532,
   0.0105,
   -0.0402
  ],
  [
   0.0729,
   0.0607,
   -0.0028,
   0.06,
   1.0,
   0.0368,
   -0.0928,
   0.045
  ],
  [
   0.1787,
   0.4333,
   0.1191,
   0.2532,
   0.0368,
   1.0,
   0.0851,
   0.1075
  ],
  [
   0.0335,
   0.0694,
   -0.0203,
   0.0105,
   -0.0928,
   0.0851,
   1.0,
   0.0615
  ],
  [
   0.104,
   0.1176,
   -0.175,
   -0.0402,
   0.045,
   0.1075,
   0.0615,
   1.0
  ]
 ],
 "cos_early": [
  [
   1.000000238418579,
   -0.09904851019382477,
   0.17012837529182434,
   0.15966908633708954,
   -0.08340440690517426,
   -0.07540405541658401,
   -0.05824075639247894,
   0.020762117579579353
  ],
  [
   -0.09904851019382477,
   1.0,
   -0.012453827075660229,
   0.18680311739444733,
   0.010585574433207512,
   -0.6835360527038574,
   -0.04670380800962448,
   0.061444900929927826
  ],
  [
   0.17012837529182434,
   -0.012453827075660229,
   0.9999997615814209,
   -0.047346606850624084,
   0.045281268656253815,
   0.0020387787371873856,
   -0.05962514877319336,
   -0.13690553605556488
  ],
  [
   0.15966908633708954,
   0.18680311739444733,
   -0.047346606850624084,
   1.000000238418579,
   -0.0759890079498291,
   -0.2337941825389862,
   -0.0622137114405632,
   0.38292932510375977
  ],
  [
   -0.08340440690517426,
   0.010585574433207512,
   0.045281268656253815,
   -0.0759890079498291,
   1.0,
   0.053198955953121185,
   -0.10547782480716705,
   -0.09563315659761429
  ],
  [
   -0.07540405541658401,
   -0.6835360527038574,
   0.0020387787371873856,
   -0.2337941825389862,
   0.053198955953121185,
   1.0000001192092896,
   0.11318844556808472,
   -0.15976521372795105
  ],
  [
   -0.05824075639247894,
   -0.04670380800962448,
   -0.05962514877319336,
   -0.0622137114405632,
   -0.10547782480716705,
   0.11318844556808472,
   1.0000001192092896,
   -0.08909472078084946
  ],
  [
   0.020762117579579353,
   0.061444900929927826,
   -0.13690553605556488,
   0.38292932510375977,
   -0.09563315659761429,
   -0.15976521372795105,
   -0.08909472078084946,
   1.0000004768371582
  ]
 ],
 "transfer": [
  [
   0.7888888716697693,
   0.6922222375869751,
   0.7733333110809326,
   0.6711111068725586,
   0.4980555474758148,
   0.637499988079071,
   0.6838889122009277,
   0.7172222137451172
  ],
  [
   0.8708333373069763,
   0.7388888597488403,
   0.6899999976158142,
   0.698888897895813,
   0.5627777576446533,
   0.6927777528762817,
   0.5983333587646484,
   0.6666666865348816
  ],
  [
   0.9511111378669739,
   0.9561111330986023,
   0.9472222328186035,
   0.9591666460037231,
   0.8955555558204651,
   0.9402777552604675,
   0.8377777934074402,
   0.9205555319786072
  ],
  [
   0.4716666638851166,
   0.6458333134651184,
   0.7597222328186035,
   0.4861111044883728,
   0.8286111354827881,
   0.6977777481079102,
   0.7608333230018616,
   0.5627777576446533
  ],
  [
   0.23749999701976776,
   0.3541666567325592,
   0.5836111307144165,
   0.3930555582046509,
   0.7111111283302307,
   0.35555556416511536,
   0.32527777552604675,
   0.42222222685813904
  ],
  [
   0.410277783870697,
   0.5302777886390686,
   0.7016666531562805,
   0.5777778029441833,
   0.8755555748939514,
   0.5486111044883728,
   0.6180555820465088,
   0.5924999713897705
  ],
  [
   0.38527777791023254,
   0.3752777874469757,
   0.39277777075767517,
   0.26972222328186035,
   0.26527777314186096,
   0.5394444465637207,
   0.4541666507720947,
   0.4097222089767456
  ],
  [
   0.6997222304344177,
   0.7858333587646484,
   0.6933333277702332,
   0.7222222089767456,
   0.6924999952316284,
   0.6844444274902344,
   0.6005555391311646,
   0.6513888835906982
  ]
 ],
 "cos_early_note": "OLD gauge (early layer has no stable gauge)"
}