{
 "model": null,
 "gauge": "eigen-consensus (leading eigenvector of cos matrix)",
 "thin_threshold": 0.1,
 "peak_block": null,
 "k_relations": 8,
 "pairs_per_relation": null,
 "cats": [
  "P103",
  "P1412",
  "P176",
  "P27",
  "P30",
  "P37",
  "P413",
  "P495"
 ],
 "gauge_margins": [
  0.6762,
  0.8783,
  0.2623,
  1.0,
  -0.2388,
  0.9835,
  -0.1313,
  0.9442
 ],
 "thin_categories": [],
 "flipped_vs_original": [
  "P30",
  "P413"
 ],
 "cos_peak": [
  [
   1.0,
   0.0816,
   0.0185,
   0.1971,
   0.1126,
   0.3178,
   -0.0132,
   0.2285
  ],
  [
   0.0816,
   1.0,
   0.0782,
   0.1936,
   0.0833,
   0.71,
   0.0457,
   0.0855
  ],
  [
   0.0185,
   0.0782,
   1.0,
   0.0739,
   -0.0759,
   0.0331,
   0.0346,
   0.1554
  ],
  [
   0.1971,
   0.1936,
   0.0739,
   1.0,
   0.0677,
   0.195,
   0.0367,
   0.7282
  ],
  [
   0.1126,
   0.0833,
   -0.0759,
   0.0677,
   1.0,
   0.0677,
   -0.1008,
   0.044
  ],
  [
   0.3178,
   0.71,
   0.0331,
   0.195,
   0.0677,
   1.0,
   0.0729,
   0.1431
  ],
  [
   -0.0132,
   0.0457,
   0.0346,
   0.0367,
   -0.1008,
   0.0729,
   1.0,
   0.038
  ],
  [
   0.2285,
   0.0855,
   0.1554,
   0.7282,
   0.044,
   0.1431,
   0.038,
   1.0
  ]
 ],
 "cos_early": [
  [
   1.0,
   -0.13800664246082306,
   -0.029224153608083725,
   0.10225515067577362,
   -0.099849171936512,
   0.2766892910003662,
   -0.008364904671907425,
   0.10489094257354736
  ],
  [
   -0.13800664246082306,
   1.000000238418579,
   -0.03624773770570755,
   -0.12603197991847992,
   0.017979605123400688,
   -0.7988335490226746,
   0.04501169174909592,
   -0.06955321133136749
  ],
  [
   -0.029224153608083725,
   -0.03624773770570755,
   0.9999997615814209,
   0.0557585284113884,
   -0.018530569970607758,
   0.007027335464954376,
   0.018485303968191147,
   0.067664235830307
  ],
  [
   0.10225515067577362,
   -0.12603197991847992,
   0.0557585284113884,
   0.9999995827674866,
   -0.0808645486831665,
   0.17638328671455383,
   -0.054471150040626526,
   0.7557114958763123
  ],
  [
   -0.099849171936512,
   0.017979605123400688,
   -0.018530569970607758,
   -0.0808645486831665,
   1.0000001192092896,
   -0.07201757282018661,
   -0.09022386372089386,
   -0.03268401324748993
  ],
  [
   0.2766892910003662,
   -0.7988335490226746,
   0.007027335464954376,
   0.17638328671455383,
   -0.07201757282018661,
   1.000000238418579,
   -0.09154252707958221,
   0.1350584626197815
  ],
  [
   -0.008364904671907425,
   0.04501169174909592,
   0.018485303968191147,
   -0.054471150040626526,
   -0.09022386372089386,
   -0.09154252707958221,
   1.0000007152557373,
   -0.053704194724559784
  ],
  [
   0.10489094257354736,
   -0.06955321133136749,
   0.067664235830307,
   0.7557114958763123,
   -0.03268401324748993,
   0.1350584626197815,
   -0.053704194724559784,
   1.0000004768371582
  ]
 ],
 "transfer": [
  [
   0.800000011920929,
   0.6775000095367432,
   0.6508333086967468,
   0.7008333206176758,
   0.39277777075767517,
   0.7230555415153503,
   0.6786110997200012,
   0.714722216129303
  ],
  [
   0.7933333516120911,
   0.4541666805744171,
   0.6277777552604675,
   0.612500011920929,
   0.2944444417953491,
   0.6855555772781372,
   0.5069444179534912,
   0.6047222018241882
  ],
  [
   0.8594444394111633,
   0.8938888907432556,
   0.9041666984558105,
   0.9161111116409302,
   0.9380555748939514,
   0.9052777886390686,
   0.7019444704055786,
   0.8136110901832581
  ],
  [
   0.8788889050483704,
   0.6944444179534912,
   0.7055555582046509,
   0.6916666626930237,
   0.4238888919353485,
   0.7975000143051147,
   0.5641666650772095,
   0.7002778053283691
  ],
  [
   0.21611110866069794,
   0.38777777552604675,
   0.6897222399711609,
   0.4791666567325592,
   0.8097222447395325,
   0.285277783870697,
   0.4113888740539551,
   0.39888888597488403
  ],
  [
   0.7591666579246521,
   0.5452777743339539,
   0.6244444251060486,
   0.570555567741394,
   0.33500000834465027,
   0.625,
   0.5388888716697693,
   0.6324999928474426
  ],
  [
   0.5024999976158142,
   0.4699999988079071,
   0.43805554509162903,
   0.4302777647972107,
   0.2241666615009308,
   0.522777795791626,
   0.5527777671813965,
   0.41527777910232544
  ],
  [
   0.8849999904632568,
   0.6800000071525574,
   0.8655555844306946,
   0.7127777934074402,
   0.6050000190734863,
   0.7549999952316284,
   0.6097221970558167,
   0.7333333492279053
  ]
 ],
 "cos_early_note": "OLD gauge (early layer has no stable gauge)"
}