{
 "model": null,
 "gauge": "eigen-consensus (leading eigenvector of cos matrix)",
 "thin_threshold": 0.1,
 "peak_block": null,
 "k_relations": 8,
 "pairs_per_relation": null,
 "cats": [
  "P103",
  "P1412",
  "P176",
  "P27",
  "P30",
  "P37",
  "P413",
  "P495"
 ],
 "gauge_margins": [
  0.9587,
  0.7227,
  0.7676,
  1.0,
  -0.1868,
  0.9003,
  0.0223,
  0.9864
 ],
 "thin_categories": [
  "P413"
 ],
 "flipped_vs_original": [
  "P30"
 ],
 "cos_peak": [
  [
   1.0,
   0.3645,
   0.405,
   0.6461,
   0.1344,
   0.5707,
   -0.0042,
   0.5979
  ],
  [
   0.3645,
   1.0,
   0.2412,
   0.3722,
   0.1438,
   0.5774,
   -0.0121,
   0.3221
  ],
  [
   0.405,
   0.2412,
   1.0,
   0.4611,
   -0.0054,
   0.3751,
   0.0322,
   0.5271
  ],
  [
   0.6461,
   0.3722,
   0.4611,
   1.0,
   0.0505,
   0.4796,
   0.0227,
   0.7769
  ],
  [
   0.1344,
   0.1438,
   -0.0054,
   0.0505,
   1.0,
   0.1095,
   0.0716,
   0.0794
  ],
  [
   0.5707,
   0.5774,
   0.3751,
   0.4796,
   0.1095,
   1.0,
   -0.0147,
   0.4603
  ],
  [
   -0.0042,
   -0.0121,
   0.0322,
   0.0227,
   0.0716,
   -0.0147,
   1.0,
   0.0202
  ],
  [
   0.5979,
   0.3221,
   0.5271,
   0.7769,
   0.0794,
   0.4603,
   0.0202,
   1.0
  ]
 ],
 "cos_early": [
  [
   0.9999999403953552,
   0.05707733333110809,
   0.026199018582701683,
   0.012351203709840775,
   -0.07792211323976517,
   0.27133551239967346,
   -0.030715402215719223,
   -0.05406344681978226
  ],
  [
   0.05707733333110809,
   1.0000004768371582,
   -0.08139093965291977,
   -0.13309960067272186,
   0.0311143659055233,
   -0.7117452621459961,
   0.013954335823655128,
   -0.10681262612342834
  ],
  [
   0.026199018582701683,
   -0.08139093965291977,
   1.000000238418579,
   -0.007077283691614866,
   -0.02720608562231064,
   0.05206656455993652,
   0.008439894765615463,
   0.010861769318580627
  ],
  [
   0.012351203709840775,
   -0.13309960067272186,
   -0.007077283691614866,
   1.0000004768371582,
   -0.06922664493322372,
   0.16214658319950104,
   -0.051338061690330505,
   0.7904835343360901
  ],
  [
   -0.07792211323976517,
   0.0311143659055233,
   -0.02720608562231064,
   -0.06922664493322372,
   1.0000001192092896,
   -0.10002432018518448,
   -0.022425202652812004,
   -0.027729596942663193
  ],
  [
   0.27133551239967346,
   -0.7117452621459961,
   0.05206656455993652,
   0.16214658319950104,
   -0.10002432018518448,
   0.9999998807907104,
   -0.03924309462308884,
   0.07207833230495453
  ],
  [
   -0.030715402215719223,
   0.013954335823655128,
   0.008439894765615463,
   -0.051338061690330505,
   -0.022425202652812004,
   -0.03924309462308884,
   0.9999992251396179,
   -0.08276069164276123
  ],
  [
   -0.05406344681978226,
   -0.10681262612342834,
   0.010861769318580627,
   0.7904835343360901,
   -0.027729596942663193,
   0.07207833230495453,
   -0.08276069164276123,
   0.9999996423721313
  ]
 ],
 "transfer": [
  [
   0.987500011920929,
   0.977222204208374,
   0.9844444394111633,
   0.9719444513320923,
   0.543055534362793,
   0.9508333206176758,
   0.948888897895813,
   0.925000011920929
  ],
  [
   0.8744444251060486,
   0.7875000238418579,
   0.9391666650772095,
   0.9244444370269775,
   0.39277777075767517,
   0.8744444251060486,
   0.9061111211776733,
   0.8508333563804626
  ],
  [
   0.9788888692855835,
   0.9788888692855835,
   0.987500011920929,
   0.9816666841506958,
   0.8458333611488342,
   0.9775000214576721,
   0.9616666436195374,
   0.9383333325386047
  ],
  [
   0.9708333611488342,
   0.992222249507904,
   0.9850000143051147,
   0.9902777671813965,
   0.7369444370269775,
   0.9808333516120911,
   0.9683333039283752,
   0.9480555653572083
  ],
  [
   0.12444444745779037,
   0.23416666686534882,
   0.512499988079071,
   0.3361110985279083,
   0.7777777910232544,
   0.24583333730697632,
   0.20749999582767487,
   0.31333333253860474
  ],
  [
   0.9497222304344177,
   0.9069444537162781,
   0.9822221994400024,
   0.9738888740539551,
   0.6033333539962769,
   0.9555555582046509,
   0.9563888907432556,
   0.9305555820465088
  ],
  [
   0.4883333444595337,
   0.5883333086967468,
   0.6600000262260437,
   0.621666669845581,
   0.3286111056804657,
   0.5305555462837219,
   0.5833333134651184,
   0.5894444584846497
  ],
  [
   0.971666693687439,
   0.9944444298744202,
   0.9866666793823242,
   0.9855555295944214,
   0.706944465637207,
   0.9838888645172119,
   0.9700000286102295,
   0.9291666746139526
  ]
 ],
 "cos_early_note": "OLD gauge (early layer has no stable gauge)"
}