{
 "model": null,
 "gauge": "eigen-consensus (leading eigenvector of cos matrix)",
 "thin_threshold": 0.1,
 "peak_block": null,
 "k_relations": 8,
 "pairs_per_relation": null,
 "cats": [
  "P103",
  "P1412",
  "P176",
  "P27",
  "P30",
  "P37",
  "P413",
  "P495"
 ],
 "gauge_margins": [
  0.95,
  0.8814,
  0.694,
  1.0,
  -0.1862,
  0.8707,
  0.0374,
  0.9446
 ],
 "thin_categories": [
  "P413"
 ],
 "flipped_vs_original": [
  "P30"
 ],
 "cos_peak": [
  [
   1.0,
   0.5568,
   0.3768,
   0.7168,
   0.1102,
   0.544,
   0.0046,
   0.5865
  ],
  [
   0.5568,
   1.0,
   0.3047,
   0.5379,
   0.1502,
   0.6644,
   -0.0199,
   0.4781
  ],
  [
   0.3768,
   0.3047,
   1.0,
   0.4744,
   -0.0369,
   0.3327,
   0.0191,
   0.4813
  ],
  [
   0.7168,
   0.5379,
   0.4744,
   1.0,
   0.0902,
   0.503,
   0.0361,
   0.7512
  ],
  [
   0.1102,
   0.1502,
   -0.0369,
   0.0902,
   1.0,
   0.1007,
   0.074,
   0.1071
  ],
  [
   0.544,
   0.6644,
   0.3327,
   0.503,
   0.1007,
   1.0,
   -0.0037,
   0.4792
  ],
  [
   0.0046,
   -0.0199,
   0.0191,
   0.0361,
   0.074,
   -0.0037,
   1.0,
   0.0554
  ],
  [
   0.5865,
   0.4781,
   0.4813,
   0.7512,
   0.1071,
   0.4792,
   0.0554,
   1.0
  ]
 ],
 "cos_early": [
  [
   1.0000004768371582,
   0.04472750797867775,
   -0.1575210690498352,
   -0.06519630551338196,
   -0.06623347103595734,
   0.20674344897270203,
   -0.04269130155444145,
   -0.09853262454271317
  ],
  [
   0.04472750797867775,
   1.000000238418579,
   0.0712728500366211,
   0.15111607313156128,
   -0.03800676017999649,
   0.6405587196350098,
   -0.04843650385737419,
   0.004282571841031313
  ],
  [
   -0.1575210690498352,
   0.0712728500366211,
   1.0000007152557373,
   -0.031221730634570122,
   -0.020269175991415977,
   0.04694599658250809,
   5.322927609086037e-05,
   0.22909368574619293
  ],
  [
   -0.06519630551338196,
   0.15111607313156128,
   -0.031221730634570122,
   0.9999997019767761,
   0.03532978892326355,
   0.038491711020469666,
   -0.050018228590488434,
   -0.15000265836715698
  ],
  [
   -0.06623347103595734,
   -0.03800676017999649,
   -0.020269175991415977,
   0.03532978892326355,
   1.0000001192092896,
   -0.095466747879982,
   -0.016731474548578262,
   -0.0676407739520073
  ],
  [
   0.20674344897270203,
   0.6405587196350098,
   0.04694599658250809,
   0.038491711020469666,
   -0.095466747879982,
   0.9999997615814209,
   -0.05804375931620598,
   0.045333728194236755
  ],
  [
   -0.04269130155444145,
   -0.04843650385737419,
   5.322927609086037e-05,
   -0.050018228590488434,
   -0.016731474548578262,
   -0.05804375931620598,
   0.9999995231628418,
   -0.03357488289475441
  ],
  [
   -0.09853262454271317,
   0.004282571841031313,
   0.22909368574619293,
   -0.15000265836715698,
   -0.0676407739520073,
   0.045333728194236755,
   -0.03357488289475441,
   0.9999997615814209
  ]
 ],
 "transfer": [
  [
   0.9916666746139526,
   0.9622222185134888,
   0.9911110997200012,
   0.9913889169692993,
   0.551111102104187,
   0.9288889169692993,
   0.8058333396911621,
   0.9108333587646484
  ],
  [
   0.9480555653572083,
   0.8652777671813965,
   0.9786111116409302,
   0.9725000262260437,
   0.39972221851348877,
   0.8816666603088379,
   0.7524999976158142,
   0.9019444584846497
  ],
  [
   0.9783333539962769,
   0.9702777862548828,
   0.9972222447395325,
   0.9947222471237183,
   0.9075000286102295,
   0.941944420337677,
   0.8297222256660461,
   0.9377777576446533
  ],
  [
   0.9897222518920898,
   0.9800000190734863,
   0.9944444298744202,
   0.9930555820465088,
   0.6180555820465088,
   0.9538888931274414,
   0.8638888597488403,
   0.948888897895813
  ],
  [
   0.11777777969837189,
   0.20305556058883667,
   0.67166668176651,
   0.23944444954395294,
   0.8361111283302307,
   0.2775000035762787,
   0.17444443702697754,
   0.2636111080646515
  ],
  [
   0.9622222185134888,
   0.9024999737739563,
   0.9883333444595337,
   0.9791666865348816,
   0.5752778053283691,
   0.9166666865348816,
   0.7963888645172119,
   0.9150000214576721
  ],
  [
   0.570277750492096,
   0.5674999952316284,
   0.6188889145851135,
   0.698888897895813,
   0.31861111521720886,
   0.5686110854148865,
   0.7361111044883728,
   0.7183333039283752
  ],
  [
   0.98416668176651,
   0.980555534362793,
   0.9944444298744202,
   0.9916666746139526,
   0.570555567741394,
   0.9547222256660461,
   0.8727777600288391,
   0.930555522441864
  ]
 ],
 "cos_early_note": "OLD gauge (early layer has no stable gauge)"
}