{
 "model": null,
 "gauge": "eigen-consensus (leading eigenvector of cos matrix)",
 "thin_threshold": 0.1,
 "peak_block": null,
 "k_relations": 8,
 "pairs_per_relation": null,
 "cats": [
  "P103",
  "P1412",
  "P176",
  "P27",
  "P30",
  "P37",
  "P413",
  "P495"
 ],
 "gauge_margins": [
  0.928,
  0.7998,
  0.7317,
  1.0,
  -0.1622,
  0.8721,
  0.0125,
  0.9732
 ],
 "thin_categories": [
  "P413"
 ],
 "flipped_vs_original": [
  "P30"
 ],
 "cos_peak": [
  [
   1.0,
   0.4934,
   0.4029,
   0.7121,
   0.1232,
   0.5669,
   -0.0138,
   0.636
  ],
  [
   0.4934,
   1.0,
   0.3105,
   0.5111,
   0.1342,
   0.5978,
   -0.02,
   0.4575
  ],
  [
   0.4029,
   0.3105,
   1.0,
   0.4988,
   -0.0064,
   0.402,
   0.0129,
   0.5423
  ],
  [
   0.7121,
   0.5111,
   0.4988,
   1.0,
   0.0853,
   0.5486,
   0.0215,
   0.8263
  ],
  [
   0.1232,
   0.1342,
   -0.0064,
   0.0853,
   1.0,
   0.0834,
   0.0613,
   0.0693
  ],
  [
   0.5669,
   0.5978,
   0.402,
   0.5486,
   0.0834,
   1.0,
   -0.0037,
   0.536
  ],
  [
   -0.0138,
   -0.02,
   0.0129,
   0.0215,
   0.0613,
   -0.0037,
   1.0,
   0.0262
  ],
  [
   0.636,
   0.4575,
   0.5423,
   0.8263,
   0.0693,
   0.536,
   0.0262,
   1.0
  ]
 ],
 "cos_early": [
  [
   1.0000004768371582,
   -0.40805014967918396,
   -0.08083269745111465,
   -0.15844283998012543,
   -0.06543663889169693,
   -0.14607088267803192,
   -0.028071599081158638,
   -0.045230794697999954
  ],
  [
   -0.40805014967918396,
   0.9999983310699463,
   0.003101659007370472,
   0.23206007480621338,
   0.006640559062361717,
   -0.5305063724517822,
   -0.013493044301867485,
   -0.015347757376730442
  ],
  [
   -0.08083269745111465,
   0.003101659007370472,
   0.9999998807907104,
   0.06487798690795898,
   0.01244564913213253,
   0.028130508959293365,
   0.023860936984419823,
   0.3155508041381836
  ],
  [
   -0.15844283998012543,
   0.23206007480621338,
   0.06487798690795898,
   1.0,
   -0.014721054583787918,
   -0.1450769007205963,
   -0.08349888026714325,
   -0.12275416404008865
  ],
  [
   -0.06543663889169693,
   0.006640559062361717,
   0.01244564913213253,
   -0.014721054583787918,
   1.0000004768371582,
   0.09715216606855392,
   -0.015676598995923996,
   -0.09292902797460556
  ],
  [
   -0.14607088267803192,
   -0.5305063724517822,
   0.028130508959293365,
   -0.1450769007205963,
   0.09715216606855392,
   0.9999995827674866,
   0.04851091653108597,
   -0.030131913721561432
  ],
  [
   -0.028071599081158638,
   -0.013493044301867485,
   0.023860936984419823,
   -0.08349888026714325,
   -0.015676598995923996,
   0.04851091653108597,
   0.9999991655349731,
   -0.00909091904759407
  ],
  [
   -0.045230794697999954,
   -0.015347757376730442,
   0.3155508041381836,
   -0.12275416404008865,
   -0.09292902797460556,
   -0.030131913721561432,
   -0.00909091904759407,
   1.0000009536743164
  ]
 ],
 "transfer": [
  [
   0.981904923915863,
   0.9528473019599915,
   0.9960483908653259,
   0.9679345488548279,
   0.562609076499939,
   0.9421085119247437,
   0.8953298926353455,
   0.9250085949897766
  ],
  [
   0.8959094285964966,
   0.8406004309654236,
   0.9874997735023499,
   0.9511492252349854,
   0.4643418788909912,
   0.8705348372459412,
   0.8585456013679504,
   0.9116472601890564
  ],
  [
   0.9887932538986206,
   0.9744452834129333,
   0.9981462955474854,
   0.978739321231842,
   0.8784988522529602,
   0.9681767821311951,
   0.9146261811256409,
   0.9467423558235168
  ],
  [
   0.9911013245582581,
   0.9802560210227966,
   0.997471272945404,
   0.9840131402015686,
   0.6747055053710938,
   0.9721803665161133,
   0.923159658908844,
   0.9508042931556702
  ],
  [
   0.1563844233751297,
   0.2498972862958908,
   0.5171423554420471,
   0.2828364670276642,
   0.7820427417755127,
   0.3052017390727997,
   0.2628553509712219,
   0.3505612909793854
  ],
  [
   0.9759519100189209,
   0.9554964303970337,
   0.9960687160491943,
   0.9729539752006531,
   0.6682100296020508,
   0.9695903062820435,
   0.9111083149909973,
   0.9433475136756897
  ],
  [
   0.4946737289428711,
   0.5392305254936218,
   0.559134304523468,
   0.593199610710144,
   0.3526613712310791,
   0.5303990840911865,
   0.601006031036377,
   0.5580716133117676
  ],
  [
   0.9908882975578308,
   0.9812451601028442,
   0.9970477223396301,
   0.9838969111442566,
   0.7318387031555176,
   0.9749107360839844,
   0.9241741895675659,
   0.9434604644775391
  ]
 ],
 "cos_early_note": "OLD gauge (early layer has no stable gauge)"
}