{
 "model": null,
 "gauge": "eigen-consensus (leading eigenvector of cos matrix)",
 "thin_threshold": 0.1,
 "peak_block": null,
 "k_relations": 8,
 "pairs_per_relation": null,
 "cats": [
  "P103",
  "P1412",
  "P176",
  "P27",
  "P30",
  "P37",
  "P413",
  "P495"
 ],
 "gauge_margins": [
  0.8588,
  0.5772,
  0.7169,
  1.0,
  -0.128,
  0.8424,
  0.0186,
  0.9279
 ],
 "thin_categories": [
  "P413"
 ],
 "flipped_vs_original": [
  "P30"
 ],
 "cos_peak": [
  [
   1.0,
   0.2541,
   0.3564,
   0.674,
   0.1014,
   0.5406,
   -0.0,
   0.5324
  ],
  [
   0.2541,
   1.0,
   0.241,
   0.4118,
   0.1151,
   0.3257,
   -0.0254,
   0.3002
  ],
  [
   0.3564,
   0.241,
   1.0,
   0.4767,
   -0.0105,
   0.3941,
   0.0037,
   0.4841
  ],
  [
   0.674,
   0.4118,
   0.4767,
   1.0,
   0.0783,
   0.5751,
   0.0085,
   0.7768
  ],
  [
   0.1014,
   0.1151,
   -0.0105,
   0.0783,
   1.0,
   0.0329,
   0.0381,
   0.0551
  ],
  [
   0.5406,
   0.3257,
   0.3941,
   0.5751,
   0.0329,
   1.0,
   0.0152,
   0.5228
  ],
  [
   -0.0,
   -0.0254,
   0.0037,
   0.0085,
   0.0381,
   0.0152,
   1.0,
   0.0323
  ],
  [
   0.5324,
   0.3002,
   0.4841,
   0.7768,
   0.0551,
   0.5228,
   0.0323,
   1.0
  ]
 ],
 "cos_early": [
  [
   1.000000238418579,
   0.5826565623283386,
   -0.06791841983795166,
   -0.21535436809062958,
   -0.07054853439331055,
   -0.05607230216264725,
   -0.02154158428311348,
   0.19088943302631378
  ],
  [
   0.5826565623283386,
   1.0000004768371582,
   -0.03503275662660599,
   -0.19798587262630463,
   -0.02071300707757473,
   0.27200326323509216,
   0.003672368824481964,
   0.22494453191757202
  ],
  [
   -0.06791841983795166,
   -0.03503275662660599,
   1.0000001192092896,
   0.0006516012363135815,
   0.0004980345256626606,
   0.005874618887901306,
   0.0319463312625885,
   0.0065121836960315704
  ],
  [
   -0.21535436809062958,
   -0.19798587262630463,
   0.0006516012363135815,
   1.0000004768371582,
   0.026270676404237747,
   0.021857697516679764,
   -0.07049889862537384,
   -0.6992523670196533
  ],
  [
   -0.07054853439331055,
   -0.02071300707757473,
   0.0004980345256626606,
   0.026270676404237747,
   0.9999998211860657,
   0.09020828455686569,
   -0.007229463197290897,
   -0.032052118331193924
  ],
  [
   -0.05607230216264725,
   0.27200326323509216,
   0.005874618887901306,
   0.021857697516679764,
   0.09020828455686569,
   0.9999995231628418,
   0.04933173954486847,
   0.1069212406873703
  ],
  [
   -0.02154158428311348,
   0.003672368824481964,
   0.0319463312625885,
   -0.07049889862537384,
   -0.007229463197290897,
   0.04933173954486847,
   1.0000004768371582,
   0.03992806375026703
  ],
  [
   0.19088943302631378,
   0.22494453191757202,
   0.0065121836960315704,
   -0.6992523670196533,
   -0.032052118331193924,
   0.1069212406873703,
   0.03992806375026703,
   1.000001072883606
  ]
 ],
 "transfer": [
  [
   0.9750000238418579,
   0.9405555725097656,
   0.9847221970558167,
   0.9797222018241882,
   0.6288889050483704,
   0.9416666626930237,
   0.9186111092567444,
   0.9300000071525574
  ],
  [
   0.8036110997200012,
   0.644444465637207,
   0.9777777791023254,
   0.9430555701255798,
   0.507777750492096,
   0.7741666436195374,
   0.9027777910232544,
   0.8983333110809326
  ],
  [
   0.9791666865348816,
   0.9747222065925598,
   0.9930555820465088,
   0.9894444346427917,
   0.8833333253860474,
   0.9519444704055786,
   0.9280555844306946,
   0.9558333158493042
  ],
  [
   0.9791666865348816,
   0.9780555367469788,
   0.9855555295944214,
   0.9888889193534851,
   0.714722216129303,
   0.95333331823349,
   0.9247221946716309,
   0.965833306312561
  ],
  [
   0.20416666567325592,
   0.2680555582046509,
   0.5688889026641846,
   0.2702777683734894,
   0.75,
   0.3747222125530243,
   0.23194444179534912,
   0.3338888883590698
  ],
  [
   0.9780555367469788,
   0.9752777814865112,
   0.9858333468437195,
   0.9938889145851135,
   0.8219444155693054,
   0.9513888955116272,
   0.9208333492279053,
   0.9561111330986023
  ],
  [
   0.4855555593967438,
   0.5322222113609314,
   0.4950000047683716,
   0.5186111330986023,
   0.39750000834465027,
   0.5330555438995361,
   0.550000011920929,
   0.6005555391311646
  ],
  [
   0.9802777767181396,
   0.9816666841506958,
   0.9872221946716309,
   0.9847221970558167,
   0.7655555605888367,
   0.9547222256660461,
   0.9252777695655823,
   0.9375
  ]
 ],
 "cos_early_note": "OLD gauge (early layer has no stable gauge)"
}