{
 "model": null,
 "gauge": "eigen-consensus (leading eigenvector of cos matrix)",
 "thin_threshold": 0.1,
 "peak_block": null,
 "k_relations": 8,
 "pairs_per_relation": null,
 "cats": [
  "P103",
  "P1412",
  "P176",
  "P27",
  "P30",
  "P37",
  "P413",
  "P495"
 ],
 "gauge_margins": [
  0.9077,
  0.8555,
  0.7185,
  1.0,
  -0.1509,
  0.8738,
  0.0113,
  0.9427
 ],
 "thin_categories": [
  "P413"
 ],
 "flipped_vs_original": [
  "P30"
 ],
 "cos_peak": [
  [
   1.0,
   0.5859,
   0.3675,
   0.6454,
   0.1361,
   0.513,
   -0.0337,
   0.5587
  ],
  [
   0.5859,
   1.0,
   0.3256,
   0.5364,
   0.1144,
   0.5477,
   -0.0128,
   0.4981
  ],
  [
   0.3675,
   0.3256,
   1.0,
   0.4924,
   0.0114,
   0.4119,
   0.0291,
   0.4645
  ],
  [
   0.6454,
   0.5364,
   0.4924,
   1.0,
   0.0649,
   0.5892,
   0.0133,
   0.7714
  ],
  [
   0.1361,
   0.1144,
   0.0114,
   0.0649,
   1.0,
   0.06,
   0.0535,
   0.0555
  ],
  [
   0.513,
   0.5477,
   0.4119,
   0.5892,
   0.06,
   1.0,
   0.0243,
   0.5171
  ],
  [
   -0.0337,
   -0.0128,
   0.0291,
   0.0133,
   0.0535,
   0.0243,
   1.0,
   0.0085
  ],
  [
   0.5587,
   0.4981,
   0.4645,
   0.7714,
   0.0555,
   0.5171,
   0.0085,
   1.0
  ]
 ],
 "cos_early": [
  [
   1.000000238418579,
   -0.34900668263435364,
   -0.05647704005241394,
   0.09334450960159302,
   -0.06590767204761505,
   -0.051102414727211,
   -0.04195953905582428,
   -0.11198637634515762
  ],
  [
   -0.34900668263435364,
   1.0,
   -0.015650134533643723,
   -0.21814078092575073,
   -0.014106640592217445,
   -0.5156605243682861,
   -0.013841388747096062,
   0.14292901754379272
  ],
  [
   -0.05647704005241394,
   -0.015650134533643723,
   0.9999995827674866,
   -0.04704288765788078,
   0.007323082536458969,
   0.018212001770734787,
   0.016560962423682213,
   0.09722524881362915
  ],
  [
   0.09334450960159302,
   -0.21814078092575073,
   -0.04704288765788078,
   0.9999992847442627,
   0.0236249677836895,
   0.25015807151794434,
   0.06023634225130081,
   -0.7091140747070312
  ],
  [
   -0.06590767204761505,
   -0.014106640592217445,
   0.007323082536458969,
   0.0236249677836895,
   1.0000001192092896,
   0.09091970324516296,
   -0.015727847814559937,
   -0.05177443474531174
  ],
  [
   -0.051102414727211,
   -0.5156605243682861,
   0.018212001770734787,
   0.25015807151794434,
   0.09091970324516296,
   1.0000004768371582,
   0.04572047293186188,
   -0.1958981603384018
  ],
  [
   -0.04195953905582428,
   -0.013841388747096062,
   0.016560962423682213,
   0.06023634225130081,
   -0.015727847814559937,
   0.04572047293186188,
   1.0000005960464478,
   -0.017608482390642166
  ],
  [
   -0.11198637634515762,
   0.14292901754379272,
   0.09722524881362915,
   -0.7091140747070312,
   -0.05177443474531174,
   -0.1958981603384018,
   -0.017608482390642166,
   0.9999998211860657
  ]
 ],
 "transfer": [
  [
   0.9416666626930237,
   0.9661111235618591,
   0.9961110949516296,
   0.9730555415153503,
   0.6524999737739563,
   0.9038888812065125,
   0.9202777743339539,
   0.9413889050483704
  ],
  [
   0.897777795791626,
   0.9055555462837219,
   0.9861111044883728,
   0.9591666460037231,
   0.6341666579246521,
   0.8766666650772095,
   0.9138888716697693,
   0.9591666460037231
  ],
  [
   0.9608333110809326,
   0.9952777624130249,
   0.9916666746139526,
   0.9861111044883728,
   0.9266666769981384,
   0.9733333587646484,
   0.9325000047683716,
   0.9591666460037231
  ],
  [
   0.9619444608688354,
   0.9969444274902344,
   0.995555579662323,
   0.9763888716697693,
   0.8455555438995361,
   0.9797222018241882,
   0.9519444704055786,
   0.9630555510520935
  ],
  [
   0.14944444596767426,
   0.2527777850627899,
   0.4144444465637207,
   0.308611124753952,
   0.7347221970558167,
   0.3336111009120941,
   0.2086111158132553,
   0.33194443583488464
  ],
  [
   0.9463889002799988,
   0.9972222447395325,
   0.992222249507904,
   0.9847221970558167,
   0.8405555486679077,
   0.9791666865348816,
   0.9524999856948853,
   0.9672222137451172
  ],
  [
   0.47777777910232544,
   0.5211111307144165,
   0.6144444346427917,
   0.5527777671813965,
   0.49861112236976624,
   0.6166666746139526,
   0.5527777671813965,
   0.5102777481079102
  ],
  [
   0.9561111330986023,
   0.9986110925674438,
   0.9908333420753479,
   0.9819444417953491,
   0.8691666722297668,
   0.977222204208374,
   0.9583333134651184,
   0.9527778029441833
  ]
 ],
 "cos_early_note": "OLD gauge (early layer has no stable gauge)"
}