{
 "model": null,
 "gauge": "eigen-consensus (leading eigenvector of cos matrix)",
 "thin_threshold": 0.1,
 "peak_block": null,
 "k_relations": 8,
 "pairs_per_relation": null,
 "cats": [
  "P103",
  "P1412",
  "P176",
  "P27",
  "P30",
  "P37",
  "P413",
  "P495"
 ],
 "gauge_margins": [
  0.9146,
  0.8679,
  0.7275,
  1.0,
  -0.2085,
  0.8756,
  0.0777,
  0.959
 ],
 "thin_categories": [
  "P413"
 ],
 "flipped_vs_original": [
  "P30"
 ],
 "cos_peak": [
  [
   1.0,
   0.5419,
   0.3506,
   0.6281,
   0.1509,
   0.5436,
   0.0091,
   0.5641
  ],
  [
   0.5419,
   1.0,
   0.3388,
   0.5397,
   0.1235,
   0.6191,
   0.0176,
   0.4472
  ],
  [
   0.3506,
   0.3388,
   1.0,
   0.4832,
   0.0045,
   0.3651,
   0.031,
   0.5111
  ],
  [
   0.6281,
   0.5397,
   0.4832,
   1.0,
   0.1101,
   0.5098,
   0.0611,
   0.7908
  ],
  [
   0.1509,
   0.1235,
   0.0045,
   0.1101,
   1.0,
   0.1037,
   0.0766,
   0.0963
  ],
  [
   0.5436,
   0.6191,
   0.3651,
   0.5098,
   0.1037,
   1.0,
   0.014,
   0.4873
  ],
  [
   0.0091,
   0.0176,
   0.031,
   0.0611,
   0.0766,
   0.014,
   1.0,
   0.0715
  ],
  [
   0.5641,
   0.4472,
   0.5111,
   0.7908,
   0.0963,
   0.4873,
   0.0715,
   1.0
  ]
 ],
 "cos_early": [
  [
   1.0,
   -0.048965707421302795,
   -0.07299959659576416,
   0.10562437772750854,
   -0.07247596979141235,
   0.3429205119609833,
   -0.02769876830279827,
   0.011466499418020248
  ],
  [
   -0.048965707421302795,
   0.9999995231628418,
   -0.01744975708425045,
   -0.23771528899669647,
   -0.0011714817956089973,
   0.7014548778533936,
   -0.0267496220767498,
   -0.16137418150901794
  ],
  [
   -0.07299959659576416,
   -0.01744975708425045,
   1.000000238418579,
   -0.030734481289982796,
   -0.0020455196499824524,
   -0.05324855074286461,
   0.023855511099100113,
   0.21757954359054565
  ],
  [
   0.10562437772750854,
   -0.23771528899669647,
   -0.030734481289982796,
   1.0,
   -0.016602490097284317,
   -0.08150044083595276,
   0.0968872606754303,
   0.595731794834137
  ],
  [
   -0.07247596979141235,
   -0.0011714817956089973,
   -0.0020455196499824524,
   -0.016602490097284317,
   0.9999998807907104,
   -0.08001672476530075,
   -0.01403690967708826,
   -0.09032533317804337
  ],
  [
   0.3429205119609833,
   0.7014548778533936,
   -0.05324855074286461,
   -0.08150044083595276,
   -0.08001672476530075,
   1.0,
   -0.04384652525186539,
   -0.02645782381296158
  ],
  [
   -0.02769876830279827,
   -0.0267496220767498,
   0.023855511099100113,
   0.0968872606754303,
   -0.01403690967708826,
   -0.04384652525186539,
   0.9999998807907104,
   0.02942628040909767
  ],
  [
   0.011466499418020248,
   -0.16137418150901794,
   0.21757954359054565,
   0.595731794834137,
   -0.09032533317804337,
   -0.02645782381296158,
   0.02942628040909767,
   0.9999998807907104
  ]
 ],
 "transfer": [
  [
   0.9611111283302307,
   0.9594444632530212,
   0.9994444251060486,
   0.9861111044883728,
   0.5380555391311646,
   0.9449999928474426,
   0.8299999833106995,
   0.9302777647972107
  ],
  [
   0.918055534362793,
   0.9166666865348816,
   0.9883333444595337,
   0.98416668176651,
   0.5219444632530212,
   0.9061111211776733,
   0.8105555772781372,
   0.9205555319786072
  ],
  [
   0.9847221970558167,
   0.9905555844306946,
   0.9986110925674438,
   0.9975000023841858,
   0.8883333206176758,
   0.9769444465637207,
   0.8761110901832581,
   0.9694444537162781
  ],
  [
   0.9844444394111633,
   0.9938889145851135,
   0.9975000023841858,
   1.0,
   0.6516666412353516,
   0.9674999713897705,
   0.8877778053283691,
   0.9655555486679077
  ],
  [
   0.1508333384990692,
   0.22333332896232605,
   0.46916666626930237,
   0.23666666448116302,
   0.75,
   0.2544444501399994,
   0.2758333384990692,
   0.2961111068725586
  ],
  [
   0.9700000286102295,
   0.9808333516120911,
   0.9908333420753479,
   0.9936110973358154,
   0.6338889002799988,
   0.9819444417953491,
   0.8405555486679077,
   0.9530555605888367
  ],
  [
   0.6572222113609314,
   0.7005555629730225,
   0.637499988079071,
   0.7758333086967468,
   0.386944442987442,
   0.5930555462837219,
   0.6611111164093018,
   0.7008333206176758
  ],
  [
   0.98416668176651,
   0.9894444346427917,
   0.9950000047683716,
   1.0,
   0.7013888955116272,
   0.9730555415153503,
   0.8938888907432556,
   0.9638888835906982
  ]
 ],
 "cos_early_note": "OLD gauge (early layer has no stable gauge)"
}