{
 "model": null,
 "gauge": "eigen-consensus (leading eigenvector of cos matrix)",
 "thin_threshold": 0.1,
 "peak_block": null,
 "k_relations": 8,
 "pairs_per_relation": null,
 "cats": [
  "P103",
  "P1412",
  "P176",
  "P27",
  "P30",
  "P37",
  "P413",
  "P495"
 ],
 "gauge_margins": [
  0.8884,
  0.8614,
  0.7212,
  1.0,
  -0.2278,
  0.8433,
  -0.0192,
  0.9462
 ],
 "thin_categories": [
  "P413"
 ],
 "flipped_vs_original": [
  "P30",
  "P413"
 ],
 "cos_peak": [
  [
   1.0,
   0.5995,
   0.3056,
   0.5431,
   0.1507,
   0.427,
   0.0411,
   0.4825
  ],
  [
   0.5995,
   1.0,
   0.3055,
   0.517,
   0.1883,
   0.4276,
   0.0539,
   0.4149
  ],
  [
   0.3056,
   0.3055,
   1.0,
   0.4454,
   0.0148,
   0.3862,
   0.0082,
   0.4453
  ],
  [
   0.5431,
   0.517,
   0.4454,
   1.0,
   0.0778,
   0.529,
   -0.0056,
   0.7258
  ],
  [
   0.1507,
   0.1883,
   0.0148,
   0.0778,
   1.0,
   0.0482,
   -0.0545,
   0.1294
  ],
  [
   0.427,
   0.4276,
   0.3862,
   0.529,
   0.0482,
   1.0,
   -0.0264,
   0.484
  ],
  [
   0.0411,
   0.0539,
   0.0082,
   -0.0056,
   -0.0545,
   -0.0264,
   1.0,
   -0.0027
  ],
  [
   0.4825,
   0.4149,
   0.4453,
   0.7258,
   0.1294,
   0.484,
   -0.0027,
   1.0
  ]
 ],
 "cos_early": [
  [
   1.000000238418579,
   0.006987296044826508,
   -0.011307555250823498,
   0.0878160297870636,
   -0.06271378695964813,
   -0.2851521372795105,
   -0.023264825344085693,
   0.05580086633563042
  ],
  [
   0.006987296044826508,
   0.9999998807907104,
   -0.012971899472177029,
   -0.11419259756803513,
   -0.0415644496679306,
   -0.5622690916061401,
   -0.02756117284297943,
   -0.0943877100944519
  ],
  [
   -0.011307555250823498,
   -0.012971899472177029,
   1.0000014305114746,
   0.09523247927427292,
   -0.0020596403628587723,
   0.008098837919533253,
   0.039502885192632675,
   0.1763664036989212
  ],
  [
   0.0878160297870636,
   -0.11419259756803513,
   0.09523247927427292,
   0.9999998807907104,
   -0.04202599450945854,
   0.02690170146524906,
   0.0701824426651001,
   0.8311020731925964
  ],
  [
   -0.06271378695964813,
   -0.0415644496679306,
   -0.0020596403628587723,
   -0.04202599450945854,
   0.9999996423721313,
   0.10717606544494629,
   -0.014181964099407196,
   -0.0750417411327362
  ],
  [
   -0.2851521372795105,
   -0.5622690916061401,
   0.008098837919533253,
   0.02690170146524906,
   0.10717606544494629,
   1.0000004768371582,
   0.04644816368818283,
   0.04774799942970276
  ],
  [
   -0.023264825344085693,
   -0.02756117284297943,
   0.039502885192632675,
   0.0701824426651001,
   -0.014181964099407196,
   0.04644816368818283,
   0.9999997615814209,
   0.03282145783305168
  ],
  [
   0.05580086633563042,
   -0.0943877100944519,
   0.1763664036989212,
   0.8311020731925964,
   -0.0750417411327362,
   0.04774799942970276,
   0.03282145783305168,
   1.0000005960464478
  ]
 ],
 "transfer": [
  [
   0.9402777552604675,
   0.9402777552604675,
   0.9722222089767456,
   0.9125000238418579,
   0.47583332657814026,
   0.914722204208374,
   0.8602777719497681,
   0.9252777695655823
  ],
  [
   0.9399999976158142,
   0.8805555701255798,
   0.9705555438995361,
   0.9311110973358154,
   0.414166659116745,
   0.8713889122009277,
   0.8241666555404663,
   0.9219444394111633
  ],
  [
   0.9766666889190674,
   0.9811111092567444,
   0.9888889193534851,
   0.9674999713897705,
   0.8163889050483704,
   0.9725000262260437,
   0.9186111092567444,
   0.9383333325386047
  ],
  [
   0.9813888669013977,
   0.9913889169692993,
   0.9780555367469788,
   0.9652777910232544,
   0.6480555534362793,
   0.9791666865348816,
   0.9263888597488403,
   0.9399999976158142
  ],
  [
   0.1041666641831398,
   0.17722222208976746,
   0.4602777659893036,
   0.3174999952316284,
   0.7291666865348816,
   0.3083333373069763,
   0.23555555939674377,
   0.2294444441795349
  ],
  [
   0.9669444561004639,
   0.9961110949516296,
   0.976111114025116,
   0.9713888764381409,
   0.7408333420753479,
   0.9847222566604614,
   0.9219444394111633,
   0.95333331823349
  ],
  [
   0.3727777898311615,
   0.4263888895511627,
   0.39944443106651306,
   0.5208333134651184,
   0.34833332896232605,
   0.551111102104187,
   0.4472222328186035,
   0.48472222685813904
  ],
  [
   0.9800000190734863,
   0.9925000071525574,
   0.9747222065925598,
   0.965833306312561,
   0.5472221970558167,
   0.9797222018241882,
   0.9286110997200012,
   0.9152777791023254
  ]
 ],
 "cos_early_note": "OLD gauge (early layer has no stable gauge)"
}