{
 "model": null,
 "gauge": "eigen-consensus (leading eigenvector of cos matrix)",
 "thin_threshold": 0.1,
 "peak_block": null,
 "k_relations": 8,
 "pairs_per_relation": null,
 "cats": [
  "P103",
  "P1412",
  "P176",
  "P27",
  "P30",
  "P37",
  "P413",
  "P495"
 ],
 "gauge_margins": [
  0.933,
  0.9371,
  0.7452,
  1.0,
  -0.1726,
  0.8793,
  0.0774,
  0.9223
 ],
 "thin_categories": [
  "P413"
 ],
 "flipped_vs_original": [
  "P30"
 ],
 "cos_peak": [
  [
   1.0,
   0.6897,
   0.4024,
   0.6633,
   0.1354,
   0.5555,
   0.0019,
   0.5144
  ],
  [
   0.6897,
   1.0,
   0.3767,
   0.625,
   0.1539,
   0.6219,
   0.0146,
   0.5246
  ],
  [
   0.4024,
   0.3767,
   1.0,
   0.512,
   0.0052,
   0.4044,
   0.0639,
   0.5112
  ],
  [
   0.6633,
   0.625,
   0.512,
   1.0,
   0.094,
   0.5508,
   0.0604,
   0.7492
  ],
  [
   0.1354,
   0.1539,
   0.0052,
   0.094,
   1.0,
   0.087,
   0.0585,
   0.0334
  ],
  [
   0.5555,
   0.6219,
   0.4044,
   0.5508,
   0.087,
   1.0,
   0.0297,
   0.5162
  ],
  [
   0.0019,
   0.0146,
   0.0639,
   0.0604,
   0.0585,
   0.0297,
   1.0,
   0.0604
  ],
  [
   0.5144,
   0.5246,
   0.5112,
   0.7492,
   0.0334,
   0.5162,
   0.0604,
   1.0
  ]
 ],
 "cos_early": [
  [
   1.0000004768371582,
   0.08265523612499237,
   0.05347152054309845,
   -0.04695425182580948,
   -0.060596443712711334,
   -0.18088842928409576,
   -0.03058547154068947,
   0.03133682161569595
  ],
  [
   0.08265523612499237,
   1.0000001192092896,
   0.041759368032217026,
   -0.16200366616249084,
   -0.05621591582894325,
   -0.8612827658653259,
   -0.03312048316001892,
   0.08268575370311737
  ],
  [
   0.05347152054309845,
   0.041759368032217026,
   0.9999997615814209,
   0.09651145339012146,
   -0.05306161940097809,
   -0.0395234078168869,
   -0.0011176783591508865,
   0.08227375149726868
  ],
  [
   -0.04695425182580948,
   -0.16200366616249084,
   0.09651145339012146,
   1.000000238418579,
   0.16875898838043213,
   0.2082376927137375,
   0.044409237802028656,
   0.10966955125331879
  ],
  [
   -0.060596443712711334,
   -0.05621591582894325,
   -0.05306161940097809,
   0.16875898838043213,
   0.9999999403953552,
   0.07568234950304031,
   -0.01344259548932314,
   0.06646513938903809
  ],
  [
   -0.18088842928409576,
   -0.8612827658653259,
   -0.0395234078168869,
   0.2082376927137375,
   0.07568234950304031,
   1.0,
   0.03204509988427162,
   -0.11211470514535904
  ],
  [
   -0.03058547154068947,
   -0.03312048316001892,
   -0.0011176783591508865,
   0.044409237802028656,
   -0.01344259548932314,
   0.03204509988427162,
   0.9999996423721313,
   -0.012598585337400436
  ],
  [
   0.03133682161569595,
   0.08268575370311737,
   0.08227375149726868,
   0.10966955125331879,
   0.06646513938903809,
   -0.11211470514535904,
   -0.012598585337400436,
   1.0000001192092896
  ]
 ],
 "transfer": [
  [
   0.9736111164093018,
   0.9669444561004639,
   1.0,
   0.9399999976158142,
   0.5711110830307007,
   0.9191666841506958,
   0.8891666531562805,
   0.8936111330986023
  ],
  [
   0.9672222137451172,
   0.9555555582046509,
   1.0,
   0.9391666650772095,
   0.5436111092567444,
   0.8997222185134888,
   0.8769444227218628,
   0.9011111259460449
  ],
  [
   0.972777783870697,
   0.9894444346427917,
   1.0,
   0.9586111307144165,
   0.862500011920929,
   0.9686111211776733,
   0.9352777600288391,
   0.9441666603088379
  ],
  [
   0.9833333492279053,
   0.9944444298744202,
   1.0,
   0.9694444537162781,
   0.7019444704055786,
   0.9750000238418579,
   0.9291666746139526,
   0.9469444155693054
  ],
  [
   0.19805555045604706,
   0.2133333384990692,
   0.4583333432674408,
   0.3288888931274414,
   0.7347221970558167,
   0.29750001430511475,
   0.2241666615009308,
   0.3769444525241852
  ],
  [
   0.980555534362793,
   0.9827777743339539,
   1.0,
   0.9527778029441833,
   0.726111114025116,
   0.956944465637207,
   0.9049999713897705,
   0.9277777671813965
  ],
  [
   0.5683333277702332,
   0.6558333039283752,
   0.8213889002799988,
   0.7052778005599976,
   0.4738888740539551,
   0.6566666960716248,
   0.6694444417953491,
   0.6763888597488403
  ],
  [
   0.9700000286102295,
   0.987500011920929,
   1.0,
   0.9674999713897705,
   0.8263888955116272,
   0.9711111187934875,
   0.9188888669013977,
   0.9208333492279053
  ]
 ],
 "cos_early_note": "OLD gauge (early layer has no stable gauge)"
}